公开号,被引用公开号,关系
CN101225743A,CN103195447A,被引�?
CN202735798U,CN103285540A,被引�?
CN202735798U,CN104815407A,被引�?
CN202735798U,CN105056457A,被引�?
CN202735798U,CN108663090A,被引�?
CN202735798U,CN113640291A,被引�?
CN202735798U,CN114783077A,被引�?
CN201345769Y,CN103260319A,被引�?
CN103692955A,CN105373121A,被引�?
CN103692955A,CN107719225A,被引�?
CN103692955A,CN111055759A,被引�?
CN103692955A,CN112822827A,被引�?
CN102610055A,CN108303143A,被引�?
CN101235723A,CN104533499A,被引�?
CN204375165U,CN110805466A,被引�?
CN101235724A,CN114019846A,被引�?
CN204661469U,CN104829012A,被引�?
CN203659514U,CN103645495A,被引�?
CN203722669U,CN104618867A,被引�?
CN203181282U,CN107426897A,被引�?
CN203149799U,CN103208173A,被引�?
CN104533499A,CN105370609A,被引�?
CN203280940U,CN103285540A,被引�?
CN203280940U,CN103729908A,被引�?
CN203280940U,CN104548415A,被引�?
CN203280940U,CN106075773A,被引�?
CN204887535U,CN110167236A,被引�?
CN204887535U,CN112188696A,被引�?
CN204877793U,CN105003390A,被引�?
CN201225933Y,CN107121342A,被引�?
CN105096603A,CN105100757A,被引�?
CN105096603A,CN108564751A,被引�?
CN202603006U,CN106211506A,被引�?
CN1584290A,CN107269276A,被引�?
CN103116996A,CN107610491A,被引�?
CN103116996A,CN114438923A,被引�?
CN201818317U,CN113184678A,被引�?
CN104392630A,CN105187800A,被引�?
CN203888182U,CN104015332A,被引�?
CN103826373A,CN113840432A,被引�?
CN104837264A,CN106211506A,被引�?
CN104837264A,CN110445865A,被引�?
CN106132038A,CN106714386A,被引�?
CN106132038A,CN106851907A,被引�?
CN201805589U,CN106793286A,被引�?
CN201805589U,CN110167236A,被引�?
CN203561873U,CN104407557A,被引�?
CN203149387U,CN103197645A,被引�?
CN203989626U,CN107587558A,被引�?
CN1921438A,CN101977234A,被引�?
CN204457793U,CN104389621A,被引�?
CN204457793U,CN109026067A,被引�?
CN104820894A,CN106097745A,被引�?
CN203669441U,CN103590637A,被引�?
CN202337923U,CN103046440A,被引�?
CN202337923U,CN111769515A,被引�?
CN202337923U,CN114895734A,被引�?
CN201954398U,CN102176799A,被引�?
CN201954398U,CN105485586A,被引�?
CN103380640A,CN115834534A,被引�?
CN103380640A,CN116366334A,被引�?
CN203142700U,CN103129581A,被引�?
CN105100757A,CN105096603A,被引�?
CN105100757A,CN108564751A,被引�?
CN103530664A,CN111705837A,被引�?
CN203519608U,CN103529192A,被引�?
CN103116994A,WO2014101825A1,被引�?
CN202788903U,CN111894885A,被引�?
CN203597280U,CN103651319A,被引�?
CN204341018U,CN104724128A,被引�?
CN205243538U,CN105422143A,被引�?
CN202654994U,CN102732352A,被引�?
CN102750752A,CN104815407A,被引�?
CN102750752A,CN110656975A,被引�?
CN102750752A,CN112216078A,被引�?
CN102750752A,CN112333355A,被引�?
CN102750752A,CN112468591A,被引�?
CN102750752A,CN114418137A,被引�?
CN202673366U,CN102691524A,被引�?
CN101713975A,CN112943282A,被引�?
CN203814000U,CN108650734A,被引�?
CN201681294U,CN103197645A,被引�?
CN102799182A,CN113424055A,被引�?
CN202731995U,CN102691523A,被引�?
CN202883018U,CN108331615A,被引�?
CN204788473U,CN112576310A,被引�?
CN203797596U,CN105357812A,被引�?
CN103197644A,CN105736050A,被引�?
CN103197644A,CN106761936A,被引�?
CN104918366A,CN106304483A,被引�?
CN104918366A,CN113905474A,被引�?
CN104918366A,CN114051303A,被引�?
CN102797504A,CN109630154A,被引�?
CN203279289U,CN103249231A,被引�?
CN203279289U,CN106211506A,被引�?
CN103791849A,CN108917638A,被引�?
CN103791849A,CN110513150A,被引�?
CN103791849A,CN110823180A,被引�?
CN202720517U,CN102799182A,被引�?
CN102595679A,CN104302050A,被引�?
CN102595679A,CN107124798A,被引�?
CN102595679A,CN108650734A,被引�?
CN102595679A,CN111885772A,被引�?
CN102595679A,CN114051303A,被引�?
CN105450521A,CN105956707A,被引�?
CN103122769A,CN106050290A,被引�?
CN204795707U,CN104918366A,被引�?
CN204795707U,CN114051303A,被引�?
CN204014075U,CN105844310A,被引�?
CN104302050A,CN106332345A,被引�?
CN203066983U,CN103061774A,被引�?
CN202587523U,CN102665346A,被引�?
CN205747891U,CN106546091A,被引�?
CN104897301A,CN108798784A,被引�?
CN104535023A,CN112697105A,被引�?
CN205093504U,CN105211350A,被引�?
CN204149154U,CN105056457A,被引�?
CN104216293A,CN108844528A,被引�?
CN201909719U,CN102095594A,被引�?
CN102495599A,CN108564751A,被引�?
CN203950405U,CN103839369A,被引�?
CN104536415A,CN107124798A,被引�?
CN202903240U,CN102944263A,被引�?
CN103592904A,CN103926913A,被引�?
CN103592904A,CN104407557A,被引�?
CN103051873A,CN105471046A,被引�?
CN202663597U,CN103220849A,被引�?
CN202663597U,CN103379704A,被引�?
CN102296972A,CN109209449A,被引�?
CN102296972A,CN109882213A,被引�?
CN202472374U,CN102541022A,被引�?
CN203465846U,CN114220264A,被引�?
CN204214256U,CN104359310A,被引�?
CN203118229U,CN109413813A,被引�?
CN203118229U,CN113850982A,被引�?
CN104991488A,CN105945895A,被引�?
CN104991488A,CN110567590A,被引�?
CN104991488A,CN110656975A,被引�?
CN104991488A,CN113640291A,被引�?
CN205246637U,CN105424892A,被引�?
CN203289566U,CN103313039A,被引�?
CN104389621A,CN106907163A,被引�?
CN104389621A,CN109026067A,被引�?
CN202467854U,CN102536258A,被引�?
CN203167354U,CN106211506A,被引�?
CN203167354U,CN108086198A,被引�?
CN205149810U,CN105365790A,被引�?
CN104184735A,CN106454824A,被引�?
CN101435746A,CN103256056A,被引�?
CN101435746A,CN103953349A,被引�?
CN101435746A,CN107121342A,被引�?
CN202856796U,CN104316105A,被引�?
CN204544440U,CN104707727A,被引�?
CN104548415A,CN105056457A,被引�?
CN104548415A,CN108261706A,被引�?
CN104548415A,CN114842651A,被引�?
CN104766129A,CN106897813A,被引�?
CN104766129A,CN113362469A,被引�?
CN104469309A,CN108564751A,被引�?
CN101938878A,CN109413796A,被引�?
CN203368637U,CN109707452A,被引�?
CN203368637U,CN111462442A,被引�?
CN201858842U,CN102012153A,被引�?
CN102842235A,CN106304483A,被引�?
CN102842235A,CN106332345A,被引�?
CN203376608U,CN104329120A,被引�?
CN203376608U,CN113110257A,被引�?
CN203441530U,CN114895734A,被引�?
CN104329120A,CN108952815A,被引�?
CN104329120A,CN109637173A,被引�?
CN104329120A,CN110847972A,被引�?
CN104329120A,CN113110360A,被引�?
CN103223896A,CN104648221A,被引�?
CN201629877U,CN103116996A,被引�?
CN201629877U,CN114495493A,被引�?
CN205081386U,CN105207098A,被引�?
CN102095594A,CN108593453A,被引�?
CN201811130U,CN105485586A,被引�?
CN203275106U,CN103257080A,被引�?
CN203206534U,CN107124798A,被引�?
CN203206534U,CN111148330A,被引�?
CN105471046A,CN105945895A,被引�?
CN101872376A,CN107729663A,被引�?
CN101872376A,CN113554467A,被引�?
CN105736050A,CN109272052A,被引�?
CN105736050A,CN110376659A,被引�?
CN105736050A,CN110761839A,被引�?
CN102244961A,CN103391665A,被引�?
CN204104633U,CN104255890A,被引�?
CN201818313U,CN101899984A,被引�?
CN204447034U,CN104548415A,被引�?
CN204447034U,CN113209525A,被引�?
CN204447034U,CN113756856A,被引�?
CN204447034U,CN115501515A,被引�?
CN103175510A,CN110430538A,被引�?
CN103175510A,CN112324503A,被引�?
CN102951069A,WO2014075389A1,被引�?
CN102951069A,WO2023164786A1,被引�?
CN204212785U,CN111456753A,被引�?
CN104866996A,CN107967589A,被引�?
CN104599427A,CN106875611A,被引�?
CN104599427A,CN113409535A,被引�?
CN104378410A,CN106604119A,被引�?
CN204887277U,CN105120224A,被引�?
CN204989911U,CN112346351A,被引�?
CN103379704A,CN104837264A,被引�?
CN203757577U,CN106132038A,被引�?
CN104691400A,CN104648221A,被引�?
CN204531500U,CN104895353A,被引�?
CN204759182U,CN104914840A,被引�?
CN203897838U,CN105167460A,被引�?
CN202836166U,CN102809285A,被引�?
CN103543697A,CN105022330A,被引�?
CN103543697A,CN105370609A,被引�?
CN103543697A,CN114019846A,被引�?
CN201704875U,CN101929220A,被引�?
CN105245831A,CN104392630A,被引�?
CN102117528A,CN109428896A,被引�?
CN102117528A,CN113171568A,被引�?
CN103258256A,CN104954756A,被引�?
CN103258256A,CN109217163A,被引�?
CN102387350A,CN104316105A,被引�?
CN102387350A,CN106954042A,被引�?
CN201164675Y,CN103285540A,被引�?
CN201164675Y,CN104548415A,被引�?
CN201164675Y,CN105056457A,被引�?
CN201164675Y,CN108261706A,被引�?
CN201164675Y,CN108653953A,被引�?
CN201164675Y,CN108853838A,被引�?
CN1991845A,CN101938878A,被引�?
CN101509390A,CN103422875A,被引�?
CN101509390A,CN107288675A,被引�?
CN101509390A,CN114019846A,被引�?
CN201826853U,CN101892848A,被引�?
CN201832164U,CN102379912A,被引�?
CN202994353U,CN103076128A,被引�?
CN102562141A,CN108515986A,被引�?
CN204781016U,CN105064412A,被引�?
CN104135729A,CN106454824A,被引�?
CN201336748Y,CN103260319A,被引�?
CN204733434U,CN105357812A,被引�?
CN104267704A,CN106132051A,被引�?
CN104267704A,CN106157564A,被引�?
CN104267704A,CN112968953A,被引�?
CN205196021U,CN106132038A,被引�?
CN203642685U,CN104359310A,被引�?
CN205349347U,CN110319408A,被引�?
CN203072231U,CN103220849A,被引�?
CN102566552A,CN114463968A,被引�?
CN103249231A,CN106211506A,被引�?
CN102880179A,CN104815407A,被引�?
CN102880179A,CN105056457A,被引�?
CN102880179A,CN106679813A,被引�?
CN102880179A,CN108663090A,被引�?
CN102880179A,CN109048946A,被引�?
CN102880179A,CN109490899A,被引�?
CN102880179A,CN110567590A,被引�?
CN102880179A,CN110821560A,被引�?
CN102880179A,CN112576310A,被引�?
CN102880179A,CN113339049A,被引�?
CN102880179A,CN114783077A,被引�?
CN201017222Y,CN102595679A,被引�?
CN201017222Y,CN104615055A,被引�?
CN201017222Y,CN107942859A,被引�?
CN102944263A,CN103852111A,被引�?
CN105547983A,CN106442137A,被引�?
CN1852428A,CN103313039A,被引�?
CN1852428A,CN109653798A,被引�?
CN104598996A,CN106407581A,被引�?
CN104598996A,CN112417573A,被引�?
CN203966343U,CN113923414A,被引�?
CN102979535A,CN105756685A,被引�?
CN203480306U,CN111768589A,被引�?
CN203289714U,CN103260319A,被引�?
CN103260319A,CN106211506A,被引�?
CN205028152U,CN105204475A,被引�?
CN202889696U,CN102630116A,被引�?
CN204086582U,CN103713334A,被引�?
CN202396058U,CN104837264A,被引�?
CN202396058U,CN106572581A,被引�?
CN202396058U,CN106793425A,被引�?
CN204119619U,CN112040620A,被引�?
CN102940530A,WO2022048554A1,被引�?
CN102940530A,WO2022048553A1,被引�?
CN103197645A,CN114495524A,被引�?
CN105403308A,CN107610491A,被引�?
CN105403308A,CN111901948A,被引�?
CN104795550A,CN110277540A,被引�?
CN102300366A,CN102630116A,被引�?
CN202832658U,CN103437813A,被引�?
CN202832658U,CN105736050A,被引�?
CN202832658U,CN109854305A,被引�?
CN202832658U,CN113029390A,被引�?
CN203271768U,CN103257080A,被引�?
CN103480102A,CN104815407A,被引�?
CN203279277U,CN103228088A,被引�?
CN204314159U,CN105738225A,被引�?
CN204314159U,CN110441497A,被引�?
CN203164427U,CN103076624A,被引�?
CN202280001U,CN103046440A,被引�?
CN101403645A,CN102095594A,被引�?
CN101403645A,CN108593453A,被引�?
CN104815407A,CN110893272A,被引�?
CN104815407A,CN114592766A,被引�?
CN104913769A,CN113390348A,被引�?
CN103927904A,CN109308817A,被引�?
CN103437813A,CN104295320A,被引�?
CN103437813A,CN104329120A,被引�?
CN203720585U,CN112925274A,被引�?
CN204650766U,CN106097745A,被引�?
CN101541118A,CN101699924A,被引�?
CN101541118A,CN102842235A,被引�?
CN101541118A,CN106555980A,被引�?
CN101541118A,CN107864541A,被引�?
CN101541118A,CN109005614A,被引�?
CN101541118A,CN109005613A,被引�?
CN101541118A,CN109413796A,被引�?
CN101541118A,CN110933824A,被引�?
CN101541118A,CN111586944A,被引�?
CN101541118A,CN113660752A,被引�?
CN105080017A,CN112691318A,被引�?
CN101403306A,CN102221474A,被引�?
CN101403306A,CN102221496A,被引�?
CN101403306A,CN114439492A,被引�?
CN101398986A,CN103256056A,被引�?
CN101363575A,CN102842235A,被引�?
CN101363575A,CN103249231A,被引�?
CN101363575A,CN103379704A,被引�?
CN101363575A,CN105003390A,被引�?
CN101363575A,CN105485586A,被引�?
CN101363575A,CN109005614A,被引�?
CN105756711A,CN109707452A,被引�?
CN204062817U,CN111897882A,被引�?
CN202221016U,CN105485586A,被引�?
CN103806476A,CN104913769A,被引�?
CN205352513U,CN114215597A,被引�?
CN202499160U,CN102602422A,被引�?
CN102797503A,CN109145520A,被引�?
CN204679292U,CN104880334A,被引�?
CN104954756A,CN108519127A,被引�?
CN104954756A,CN112034758A,被引�?
CN104954756A,CN114877934A,被引�?
CN205100992U,CN105332716A,被引�?
CN203347822U,CN111752199A,被引�?
CN103220849A,CN112188696A,被引�?
CN203271748U,CN103256056A,被引�?
CN204282400U,CN104452811A,被引�?
CN204465953U,CN106132051A,被引�?
CN204465953U,CN107592706A,被引�?
CN102095338A,CN102305580A,被引�?
CN203462117U,CN103469159A,被引�?
CN204212809U,CN104295320A,被引�?
CN202261995U,CN112188696A,被引�?
CN202261995U,CN113923833A,被引�?
CN105340572A,CN111066570A,被引�?
CN105340572A,CN111066571A,被引�?
CN103795986A,CN107065730A,被引�?
CN102221474A,CN112761653A,被引�?
CN101662863A,CN102330911A,被引�?
CN101662863A,CN102448230A,被引�?
CN101662863A,CN102665346A,被引�?
CN101662863A,CN106132038A,被引�?
CN101662863A,CN108235543A,被引�?
CN101662863A,CN110933824A,被引�?
CN202335014U,CN103116996A,被引�?
CN202335014U,CN109413796A,被引�?
CN101699925A,CN109521739A,被引�?
CN101699925A,CN109874212A,被引�?
CN101699925A,CN109874211A,被引�?
CN101699924A,CN103249231A,被引�?
CN101699924A,CN107454721A,被引�?
CN101699924A,CN110933824A,被引�?
CN201496801U,CN111009138A,被引�?
CN101105690A,CN103543697A,被引�?
CN101105690A,CN104302050A,被引�?
CN101105690A,CN105022330A,被引�?
CN101105690A,CN106875611A,被引�?
CN101105690A,CN107610491A,被引�?
CN101105690A,CN111768589A,被引�?
CN101105690A,CN111963472A,被引�?
CN104316105A,CN107610491A,被引�?
CN104316105A,CN108798784A,被引�?
CN104316105A,CN111025287A,被引�?
CN201875559U,CN106211506A,被引�?
CN105187800A,CN104392630A,被引�?
CN203525169U,CN103480102A,被引�?
CN203021880U,CN103046440A,被引�?
CN103926913A,CN111047200A,被引�?
CN203977456U,CN104164892A,被引�?
CN104407557A,CN113985193A,被引�?
CN202101979U,CN102053136A,被引�?
CN203894612U,CN103926913A,被引�?
CN104301135A,CN105945895A,被引�?
CN104301135A,CN114783077A,被引�?
CN105781577A,CN109723462A,被引�?
CN102681518A,CN103258256A,被引�?
CN102681518A,CN104616421A,被引�?
CN102681518A,CN108519127A,被引�?
CN102681518A,CN113566903A,被引�?
CN103700268A,CN110430538A,被引�?
CN203465845U,CN103337169A,被引�?
CN105604597A,CN106014467A,被引�?
CN204145799U,CN104918366A,被引�?
CN203703751U,CN109413813A,被引�?
CN106961301A,CN107830890A,被引�?
CN106961301A,CN108519127A,被引�?
CN201391781Y,CN102300366A,被引�?
CN201391781Y,CN109323203A,被引�?
CN202645634U,CN102606212A,被引�?
CN102176799A,CN103249231A,被引�?
CN102176799A,CN108650734A,被引�?
CN105427519A,CN106228484A,被引�?
CN105427519A,CN109653798A,被引�?
CN202041394U,CN102221474A,被引�?
CN204575079U,CN104913769A,被引�?
CN203144539U,CN103215616A,被引�?
CN202731927U,CN102777187A,被引�?
CN103544556A,CN106327579A,被引�?
CN103544556A,CN106897813A,被引�?
CN103544556A,CN107194861A,被引�?
CN103544556A,CN109808052A,被引�?
CN103544556A,CN110189106A,被引�?
CN103544556A,CN110778362A,被引�?
CN103544556A,CN111705837A,被引�?
CN204436432U,CN104533499A,被引�?
CN204436432U,CN106014467A,被引�?
CN203759876U,CN103700268A,被引�?
CN201352179Y,CN103076128A,被引�?
CN203982134U,CN104102162A,被引�?
CN202075609U,CN108303143A,被引�?
CN204633936U,CN109713606A,被引�?
CN203105515U,CN103125621A,被引�?
CN203084884U,CN109637173A,被引�?
CN104742790A,CN104648221A,被引�?
CN103285540A,CN105056457A,被引�?
CN103285540A,CN106075772A,被引�?
CN103285540A,CN106075773A,被引�?
CN103285540A,CN106640184A,被引�?
CN103285540A,CN106861086A,被引�?
CN202103362U,CN102566552A,被引�?
CN201774718U,CN106132038A,被引�?
CN103064121A,CN108776355A,被引�?
CN202570511U,CN102698921A,被引�?
CN205430309U,CN105262818A,被引�?
CN204718707U,CN104897301A,被引�?
CN1327210A,CN111702770A,被引�?
CN202583824U,CN109915211A,被引�?
CN203149385U,CN103197644A,被引�?
CN201657402U,CN108093509A,被引�?
CN201657402U,CN109521739A,被引�?
CN201639816U,CN108093509A,被引�?
CN104880334A,CN111983193A,被引�?
CN104880334A,CN113358544A,被引�?
CN103260263A,CN107631718A,被引�?
CN202648331U,CN102661656A,被引�?
CN202675857U,CN102748942A,被引�?
CN202562486U,CN102636166A,被引�?
CN106679813A,CN107241118A,被引�?
CN106679813A,CN108663090A,被引�?
CN106679813A,CN111390927A,被引�?
CN106679813A,CN112177668A,被引�?
CN207620797U,CN114526086A,被引�?
CN207620797U,CN114894109A,被引�?
CN105822323A,CN109723462A,被引�?
CN106603659A,CN107026870A,被引�?
CN106285782A,CN111520192A,被引�?
CN108062061A,CN111983382A,被引�?
CN107401410A,CN111709079A,被引�?
CN108917638A,CN110823180A,被引�?
CN108917638A,CN113188589A,被引�?
CN110567955A,CN113092494A,被引�?
CN206903693U,CN106761936A,被引�?
CN207033460U,CN106703832A,被引�?
CN107218899A,CN110823180A,被引�?
CN108235543A,CN109874211A,被引�?
CN108235543A,CN109874212A,被引�?
CN108235543A,CN111148311A,被引�?
CN108235543A,CN113347769A,被引�?
CN106768736A,CN108894825A,被引�?
CN107287541A,CN108315678A,被引�?
CN109765457A,CN112563962A,被引�?
CN109765457A,CN112683911A,被引�?
CN106884662A,CN113818892A,被引�?
CN109375619A,CN110487199A,被引�?
CN109375619A,CN114019950A,被引�?
CN207460554U,CN114034007A,被引�?
CN107729663A,CN108763775A,被引�?
CN107729663A,CN116401873A,被引�?
CN107830890A,CN114737991A,被引�?
CN107830890A,CN114960749A,被引�?
CN107991999A,CN109272052A,被引�?
CN107991999A,CN110613911A,被引�?
CN107991999A,CN110797981A,被引�?
CN107991999A,CN110908313A,被引�?
CN107991999A,CN111107675A,被引�?
CN107991999A,CN113408878A,被引�?
CN107991999A,CN114418137A,被引�?
CN107991999A,CN114877934A,被引�?
CN110888423A,CN111897338A,被引�?
CN106247965A,CN108487916A,被引�?
CN106247965A,CN109707410A,被引�?
CN106640184A,CN112177668A,被引�?
CN108661687A,CN112963189A,被引�?
CN111260946A,CN111781933A,被引�?
CN106621117A,CN113931679A,被引�?
CN107961479A,CN108853854A,被引�?
CN207182686U,CN109347962A,被引�?
CN108343445A,WO2019200904A1,被引�?
CN207212367U,CN107044291A,被引�?
CN207476804U,CN107494649A,被引�?
CN208040400U,CN108180023A,被引�?
CN108086198A,CN115497308A,被引�?
CN106941901A,CN115316169A,被引�?
CN206487502U,CN111173551A,被引�?
CN108248635A,CN110855948A,被引�?
CN108248635A,WO2020047879A1,被引�?
CN108248635A,CN111168694A,被引�?
CN108248635A,CN111398306A,被引�?
CN108248635A,CN113640291A,被引�?
CN207469005U,CN107513910A,被引�?
CN106200651A,CN109532893A,被引�?
CN106200651A,CN110430538A,被引�?
CN106200651A,CN112677943A,被引�?
CN105938645A,CN109428896A,被引�?
CN105938645A,CN111963472A,被引�?
CN109145520A,CN112614021A,被引�?
CN109145520A,CN116502145A,被引�?
CN206047035U,CN106041002A,被引�?
CN207920629U,CN110656956A,被引�?
CN105929539A,WO2017197971A1,被引�?
CN205482051U,CN109393007A,被引�?
CN205482051U,CN109619164A,被引�?
CN105945895A,CN109765457A,被引�?
CN105945895A,CN112683911A,被引�?
CN108650734A,CN112804798A,被引�?
CN108650734A,CN114245544A,被引�?
CN207314066U,CN107513911A,被引�?
CN106546190A,CN107655898A,被引�?
CN109262630A,CN109915211A,被引�?
CN205689216U,CN105756685A,被引�?
CN207314100U,CN107513926A,被引�?
CN109635406A,CN111828042A,被引�?
CN207376382U,CN107700289A,被引�?
CN109611120A,CN110847934A,被引�?
CN206978360U,CN106954554A,被引�?
CN108961791A,CN112004298A,被引�?
CN108961791A,CN115497308A,被引�?
CN107146410A,CN114333303A,被引�?
CN207194072U,CN107587558A,被引�?
CN207194072U,CN114404850A,被引�?
CN106703832A,CN108590677A,被引�?
CN107719226A,CN110126713A,被引�?
CN106761936A,CN110094217A,被引�?
CN207706491U,CN109521739A,被引�?
CN207706491U,CN113207213A,被引�?
CN207706491U,CN113923833A,被引�?
CN109413796A,CN109874211A,被引�?
CN109413796A,CN109874212A,被引�?
CN109413796A,CN111901948A,被引�?
CN109413796A,CN113207213A,被引�?
CN109413796A,CN113260123A,被引�?
CN109413796A,CN113347769A,被引�?
CN109413796A,CN113630942A,被引�?
CN109413796A,CN114034007A,被引�?
CN109413796A,CN114245538A,被引�?
CN109413796A,CN114495493A,被引�?
CN109413796A,CN114980405A,被引�?
CN109209505A,CN110778362A,被引�?
CN108519127A,CN110568794A,被引�?
CN108519127A,CN114077220A,被引�?
CN108519127A,CN114143345A,被引�?
CN108519127A,CN114418137A,被引�?
CN109283930A,CN114019950A,被引�?
CN206707761U,CN106869998A,被引�?
CN107864541A,CN108961791A,被引�?
CN107864541A,CN110312350A,被引�?
CN107864541A,CN114269056A,被引�?
CN106089264A,CN109944626A,被引�?
CN205584249U,CN107065730A,被引�?
CN205584249U,CN114495524A,被引�?
CN109506667A,CN113936455A,被引�?
CN105973285A,CN110820738A,被引�?
CN206429272U,CN108798682A,被引�?
CN206429272U,CN114382536A,被引�?
CN206429272U,CN114404850A,被引�?
CN109376194A,CN112882437A,被引�?
CN106593534A,CN108343472A,被引�?
CN106593534A,CN109630154A,被引�?
CN106593534A,CN110847963A,被引�?
CN206475962U,CN106428285A,被引�?
CN207048790U,CN107327303A,被引�?
CN109341671A,CN113673011A,被引�?
CN109341671A,CN114046747A,被引�?
CN109151383A,CN111552216A,被引�?
CN207391964U,CN107642011A,被引�?
CN106332345A,CN111885772A,被引�?
CN107040445A,CN115529193A,被引�?
CN110686609A,CN114086967A,被引�?
CN110686609A,CN114894109A,被引�?
CN109737883A,CN110044289A,被引�?
CN207314065U,CN107700320A,被引�?
CN107237641A,CN111520163A,被引�?
CN207866127U,CN107941106A,被引�?
CN107327303A,CN113863943A,被引�?
CN108776355A,CN113985193A,被引�?
CN109428896A,CN110264660A,被引�?
CN106250615A,CN112883474A,被引�?
CN106250615A,CN113204856A,被引�?
CN207167561U,CN107361088A,被引�?
CN107817774A,CN108882528A,被引�?
CN108564751A,CN110992628A,被引�?
CN107269276A,CN109341675A,被引�?
CN206985212U,CN107215680A,被引�?
CN108407835A,CN110395284A,被引�?
CN108407835A,WO2020010787A1,被引�?
CN108487916A,CN114663840A,被引�?
CN110058224A,CN111025418A,被引�?
CN110058224A,WO2021068846A1,被引�?
CN107146065A,CN108952815A,被引�?
CN107146065A,CN110147417A,被引�?
CN107146065A,CN110847963A,被引�?
CN107146065A,CN111539658A,被引�?
CN106873560A,CN113209525A,被引�?
CN106873560A,CN113701820A,被引�?
CN106873560A,CN114363812A,被引�?
CN107780960A,CN110107340A,被引�?
CN107882584A,CN110107340A,被引�?
CN108445524A,CN110855939A,被引�?
CN106555980A,CN107426897A,被引�?
CN109489724A,CN113091835A,被引�?
CN109489724A,CN113916293A,被引�?
CN207304732U,CN107529021A,被引�?
CN205477664U,CN105781581A,被引�?
CN108376473A,CN111047873A,被引�?
CN108376473A,CN111325977A,被引�?
CN108376473A,CN114049777A,被引�?
CN108376473A,CN114283582A,被引�?
CN206894953U,CN109005614A,被引�?
CN109521739A,CN110446319A,被引�?
CN206920249U,CN107121342A,被引�?
CN107035390A,WO2018214518A1,被引�?
CN109285373A,CN115035711A,被引�?
CN108663090A,CN109490899A,被引�?
CN108663090A,CN109713606A,被引�?
CN108663090A,CN111390927A,被引�?
CN108663090A,CN111880537A,被引�?
CN108663090A,CN112363553A,被引�?
CN108663090A,CN112612222A,被引�?
CN108663090A,CN112650101A,被引�?
CN108663090A,WO2021068846A1,被引�?
CN108663090A,CN113510694A,被引�?
CN108663090A,CN114418137A,被引�?
CN108663090A,CN114877934A,被引�?
CN206960914U,CN110821560A,被引�?
CN206960914U,CN110841219A,被引�?
CN206960914U,CN112563962A,被引�?
CN206205939U,CN107701217A,被引�?
CN206235647U,CN106383261A,被引�?
CN106515724A,CN113075948A,被引�?
CN106515724A,CN113260123A,被引�?
CN106515724A,CN116071882A,被引�?
CN207316769U,CN110319408A,被引�?
CN110361015A,CN110853357A,被引�?
CN106333716A,CN108836457A,被引�?
CN109405758A,CN109767142A,被引�?
CN205898165U,CN105973285A,被引�?
CN107065730A,CN111325977A,被引�?
CN107065730A,CN113298400A,被引�?
CN206103150U,CN106075773A,被引�?
CN205372293U,CN105485586A,被引�?
CN109532893A,CN112677943A,被引�?
CN109308817A,CN112216078A,被引�?
CN107433952A,CN108214554A,被引�?
CN107433952A,CN108248635A,被引�?
CN107433952A,CN108549087A,被引�?
CN207315443U,CN107620610A,被引�?
CN205721367U,CN108515986A,被引�?
CN205721367U,CN108663090A,被引�?
CN206192624U,CN106404341A,被引�?
CN205684510U,CN105921544A,被引�?
CN106028591A,CN112969269A,被引�?
CN206730330U,CN112415929A,被引�?
CN108447291A,CN109285373A,被引�?
CN108447291A,CN111210618A,被引�?
CN108447291A,CN111260946A,被引�?
CN108447291A,CN111627240A,被引�?
CN107231736A,CN110445865A,被引�?
CN206057299U,CN106290743A,被引�?
CN206057299U,CN108798784A,被引�?
CN108836457A,CN110192916A,被引�?
CN108684007A,CN110295953A,被引�?
CN206247808U,CN108120261A,被引�?
CN108798682A,CN114086994A,被引�?
CN207039950U,CN113079614A,被引�?
CN206692967U,CN107059521A,被引�?
CN106638183A,CN108844528A,被引�?
CN108590765A,CN115788591A,被引�?
CN207701147U,CN108412516A,被引�?
CN107288675A,CN110374656A,被引�?
CN107288675A,CN111752199A,被引�?
CN205665820U,CN108798784A,被引�?
CN108952815A,CN109854305A,被引�?
CN207622498U,CN108106416A,被引�?
CN106130850A,CN110768870A,被引�?
CN207891919U,CN108035383A,被引�?
CN207585535U,CN107941151A,被引�?
CN205618171U,CN105822323A,被引�?
CN206223548U,CN106442137A,被引�?
CN109347962A,CN112382060A,被引�?
CN109347962A,CN113850982A,被引�?
CN207568621U,CN107435546A,被引�?
CN208610917U,CN107714128A,被引�?
CN108444885A,CN109238879A,被引�?
CN205477705U,CN105604597A,被引�?
CN106248409A,CN109238879A,被引�?
CN109505627A,CN110847934A,被引�?
CN206179189U,CN107991999A,被引�?
CN106248050A,CN107816981A,被引�?
CN108107467A,CN108303732A,被引�?
CN108107467A,CN109376194A,被引�?
CN207235150U,CN111148311A,被引�?
CN207235150U,CN112040598A,被引�?
CN108038812A,CN111325977A,被引�?
CN106327579A,CN108759774A,被引�?
CN106327579A,CN109209505A,被引�?
CN106327579A,CN109557284A,被引�?
CN106327579A,CN113467315A,被引�?
CN106327579A,CN114997003A,被引�?
CN205765655U,CN106002647A,被引�?
CN205393441U,CN105618664A,被引�?
CN108331615A,CN112431634A,被引�?
CN207227522U,CN107287541A,被引�?
CN106899478A,CN111371667A,被引�?
CN207816698U,CN107941601A,被引�?
CN109474607A,CN110958262A,被引�?
CN109474607A,CN111193719A,被引�?
CN108104863A,CN114474005A,被引�?
CN107146041A,CN108894825A,被引�?
CN107146041A,CN109164748A,被引�?
CN107194861A,CN109493594A,被引�?
CN107194861A,CN109518589A,被引�?
CN107194861A,CN112686407A,被引�?
CN107194861A,CN114143340A,被引�?
CN107330078A,CN109493594A,被引�?
CN107330078A,CN111371895A,被引�?
CN107330078A,CN113298400A,被引�?
CN108844528A,CN109630154A,被引�?
CN106838815A,CN112146037A,被引�?
CN207920627U,CN107956490A,被引�?
CN207920627U,CN111396083A,被引�?
CN106899026A,CN107589672A,被引�?
CN106225818A,CN108150209A,被引�?
CN106907163A,CN109026067A,被引�?
CN207420587U,CN108571328A,被引�?
CN106780284A,CN109766894A,被引�?
CN106780284A,CN110159313A,被引�?
CN106780284A,CN113256082A,被引�?
CN206195232U,CN107241118A,被引�?
CN206195232U,CN111390927A,被引�?
CN207469004U,CN107740314A,被引�?
CN206658323U,CN112040620A,被引�?
CN208043696U,CN107991316A,被引�?
CN107941106A,CN112253136A,被引�?
CN109472976A,CN113936455A,被引�?
CN205483953U,CN105547983A,被引�?
CN109696207A,CN110430538A,被引�?
CN107067690A,CN109405758A,被引�?
CN106401644A,CN109209449A,被引�?
CN106401644A,CN109322691A,被引�?
CN206280095U,CN112012778A,被引�?
CN108756892A,CN113123804A,被引�?
CN206763672U,CN110821529A,被引�?
CN108979668A,CN111828042A,被引�?
CN108979668A,CN113601505A,被引�?
CN108979668A,CN115178400A,被引�?
CN108979668A,CN116163771A,被引�?
CN106407581A,CN112417573A,被引�?
CN111207304A,CN112683911A,被引�?
CN106861086A,CN108261706A,被引�?
CN109164748A,CN110068327A,被引�?
CN206147889U,CN108798784A,被引�?
CN207391963U,CN107513908A,被引�?
CN205689215U,CN105781577A,被引�?
CN108731736A,WO2021068848A1,被引�?
CN108731736A,CN113155859A,被引�?
CN207860156U,CN108248571A,被引�?
CN106097713A,CN111601079A,被引�?
CN106097713A,CN112486119A,被引�?
CN106097713A,CN113298400A,被引�?
CN206103149U,CN106075772A,被引�?
CN206103149U,CN107453270A,被引�?
CN206103149U,CN108663090A,被引�?
CN206103149U,CN111880537A,被引�?
CN106157564A,CN107065730A,被引�?
CN207701146U,CN111456753A,被引�?
CN205871382U,CN105946317A,被引�?
CN107409079A,CN115834534A,被引�?
CN107409079A,CN116366334A,被引�?
CN108261706A,CN112177668A,被引�?
CN108261706A,CN114842651A,被引�?
CN109002057A,CN110262546A,被引�?
CN109002057A,CN110647168A,被引�?
CN109002057A,CN112563962A,被引�?
CN109002057A,CN113701820A,被引�?
CN206695757U,CN106989685A,被引�?
CN108930539A,CN111425182A,被引�?
CN108930539A,CN114352300A,被引�?
CN108214554A,WO2019148846A1,被引�?
CN108214554A,CN115892131A,被引�?
CN108343472A,CN109272052A,被引�?
CN109005613A,CN111901948A,被引�?
CN109005613A,CN113260123A,被引�?
CN109005613A,CN114034007A,被引�?
CN108010012A,CN109300160A,被引�?
CN208024355U,CN108035732A,被引�?
CN106075772A,CN110567955A,被引�?
CN207554100U,CN107882584A,被引�?
CN107124798A,CN109874211A,被引�?
CN107124798A,CN111885772A,被引�?
CN107124798A,CN113079614A,被引�?
CN108407765A,CN114312681A,被引�?
CN109450898A,CN112711410A,被引�?
CN108650331A,CN110493483A,被引�?
CN205487203U,CN111261073A,被引�?
CN109217163A,CN110991670A,被引�?
CN109217163A,CN112381963A,被引�?
CN109217163A,CN115238366A,被引�?
CN107816981A,CN116029042A,被引�?
CN107942859A,CN111371895A,被引�?
CN107942859A,CN115288798A,被引�?
CN106304483A,CN106555980A,被引�?
CN106304483A,CN106714386A,被引�?
CN106304483A,CN106851907A,被引�?
CN106304483A,CN107864541A,被引�?
CN106304483A,CN108235543A,被引�?
CN106304483A,CN108961791A,被引�?
CN106304483A,CN109005613A,被引�?
CN106304483A,CN110312350A,被引�?
CN106304483A,CN111901948A,被引�?
CN106304483A,CN113905474A,被引�?
CN107402214A,CN109441549A,被引�?
CN107587558A,CN114404850A,被引�?
CN107941601A,CN109374432A,被引�?
CN107435546A,CN109236326A,被引�?
CN206015552U,CN106192798A,被引�?
CN206015552U,CN109262630A,被引�?
CN207008867U,CN107123275A,被引�?
CN107956490A,CN108894797A,被引�?
CN107956490A,CN115726814A,被引�?
CN107631718A,CN108593842A,被引�?
CN107631718A,CN112363553A,被引�?
CN107631718A,CN113589717A,被引�?
CN106121729A,CN113296460A,被引�?
CN107719225A,CN112822827A,被引�?
CN107719225A,CN114103793A,被引�?
CN107719225A,CN115056709A,被引�?
CN107454721A,CN110445865A,被引�?
CN107554534A,CN114872740A,被引�?
CN107554534A,CN116142239A,被引�?
CN106021832A,CN112883474A,被引�?
CN108853854A,CN112691318A,被引�?
CN108119165A,CN117685016A,被引�?
CN206483727U,CN106733729A,被引�?
CN107816677A,CN113251351A,被引�?
CN207989060U,CN108150209A,被引�?
CN108922188A,CN111123334A,被引�?
CN108922188A,CN112468787A,被引�?
CN108922188A,CN112750326A,被引�?
CN108922188A,CN113129592A,被引�?
CN106989685A,CN109635361A,被引�?
CN108710940A,CN110195592A,被引�?
CN108710940A,CN112906153A,被引�?
CN107637037A,CN115834534A,被引�?
CN107637037A,CN116366334A,被引�?
CN107843195A,CN114353686A,被引�?
CN108037770A,CN112491982A,被引�?
CN107433962A,CN108214554A,被引�?
CN109209449A,CN113027482A,被引�?
CN109209449A,CN113847068A,被引�?
CN109209449A,CN114382536A,被引�?
CN106228484A,CN107146410A,被引�?
CN106228484A,CN108038812A,被引�?
CN106228484A,CN110264660A,被引�?
CN106228484A,CN111325977A,被引�?
CN106228484A,CN114333303A,被引�?
CN106228484A,CN114495524A,被引�?
CN107387124A,CN109505627A,被引�?
CN108515986A,CN110847972A,被引�?
CN108515986A,CN112486119A,被引�?
CN111775851A,CN112238449A,被引�?
CN209136705U,CN112075995A,被引�?
CN208354004U,CN110393090A,被引�?
CN110374656A,CN111752199A,被引�?
CN110374656A,CN114995272A,被引�?
CN209375992U,CN111586944A,被引�?
CN112498421A,CN116142239A,被引�?
CN110823180A,CN111964590A,被引�?
CN110823180A,CN112129346A,被引�?
CN110823180A,CN112857255A,被引�?
CN110823180A,CN113188589A,被引�?
CN111963189A,CN111963190A,被引�?
CN111672048A,CN114712747A,被引�?
CN110043267A,CN111751394A,被引�?
CN110043267A,CN114135278A,被引�?
CN110043267A,CN114135279A,被引�?
CN110912836A,CN112737915A,被引�?
CN208257332U,CN108574245A,被引�?
CN111828042A,CN115178400A,被引�?
CN210506114U,CN112010671A,被引�?
CN111091887A,CN114939253A,被引�?
CN110323247A,WO2021000372A1,被引�?
CN112034758A,CN113985193A,被引�?
CN211908986U,CN112968953A,被引�?
CN211908986U,CN116357400A,被引�?
CN109989740A,CN111507300A,被引�?
CN111277660A,WO2021147305A1,被引�?
CN110927821A,CN113467315A,被引�?
CN110119572A,CN117351241A,被引�?
CN110768870A,CN112468332A,被引�?
CN109441549A,CN111105157A,被引�?
CN111589805A,CN113294207A,被引�?
CN208672068U,CN108955803A,被引�?
CN111025418A,CN114019950A,被引�?
CN112075995A,CN116249499A,被引�?
CN208443439U,CN109000729A,被引�?
CN208951973U,CN109323203A,被引�?
CN110985050A,CN112010671A,被引�?
CN209375695U,CN112468591A,被引�?
CN211378342U,CN110611986A,被引�?
CN209591086U,CN114283582A,被引�?
CN209591086U,CN114438923A,被引�?
CN209591086U,CN114822082A,被引�?
CN210740618U,CN110594928A,被引�?
CN110486023A,CN117468941A,被引�?
CN112040620A,CN112883548A,被引�?
CN112040620A,CN113207213A,被引�?
CN210738602U,CN110206577A,被引�?
CN111246625A,CN115580956A,被引�?
CN111866337A,CN112943261A,被引�?
CN111866337A,CN113092494A,被引�?
CN111866337A,CN113504780A,被引�?
CN111866337A,CN114113118A,被引�?
CN208280957U,CN108533274A,被引�?
CN111694388A,CN112346351A,被引�?
CN208680946U,CN108480987A,被引�?
CN208680946U,CN115070620A,被引�?
CN211500723U,CN110513150A,被引�?
CN209637695U,WO2021212949A1,被引�?
CN207850620U,CN108318189A,被引�?
CN112109736A,CN114932921A,被引�?
CN208350652U,WO2019232963A1,被引�?
CN111325977A,CN111752253A,被引�?
CN111325977A,CN113298400A,被引�?
CN111325977A,CN113296460A,被引�?
CN111325977A,CN113923414A,被引�?
CN111325977A,CN114333303A,被引�?
CN111325977A,CN115100862A,被引�?
CN111751394A,CN112348014A,被引�?
CN111751394A,WO2021208515A1,被引�?
CN111415385A,CN113137952A,被引�?
CN112177668A,CN115880910A,被引�?
CN112498400A,CN114872747A,被引�?
CN110619747A,CN114495493A,被引�?
CN112498380A,CN114872747A,被引�?
CN111148330A,CN111901950A,被引�?
CN111148330A,CN111918460A,被引�?
CN209100076U,CN109322691A,被引�?
CN110847963A,CN116484716A,被引�?
CN111553000A,CN113269713A,被引�?
CN111553000A,CN113467315A,被引�?
CN111553000A,CN114352300A,被引�?
CN111553000A,CN114439500A,被引�?
CN111553000A,CN116975623A,被引�?
CN210068194U,CN110159313A,被引�?
CN109862505A,CN113219505A,被引�?
CN109862505A,CN114615473A,被引�?
CN211343019U,CN110966041A,被引�?
CN111510305A,CN112651837A,被引�?
CN209625038U,CN109669390A,被引�?
CN111997690A,CN113065800A,被引�?
CN111997690A,CN114279502A,被引�?
CN111997690A,CN117422424A,被引�?
CN109874211A,CN111148311A,被引�?
CN109874211A,CN112040598A,被引�?
CN109919053A,CN113055649A,被引�?
CN110766313A,CN113408878A,被引�?
CN110774975A,CN112954192A,被引�?
CN209761462U,CN109763846A,被引�?
CN208441869U,CN108894797A,被引�?
CN208441869U,CN110080807A,被引�?
CN208455665U,CN108316348A,被引�?
CN209212265U,CN114086994A,被引�?
CN110617083A,CN111927497A,被引�?
CN111623750A,CN116132814A,被引�?
CN111556631A,CN117412442A,被引�?
CN209070367U,CN110656975A,被引�?
CN209070367U,CN110821560A,被引�?
CN209070367U,CN110855948A,被引�?
CN209070367U,CN111168694A,被引�?
CN111161252A,WO2021135157A1,被引�?
CN209820441U,CN110186417A,被引�?
CN210532106U,CN112969269A,被引�?
CN210533296U,CN110487199A,被引�?
CN210533296U,CN113446953A,被引�?
CN111021253A,CN113884075A,被引�?
CN209293783U,CN109441428A,被引�?
CN110582033A,CN115278410A,被引�?
CN208419983U,CN108775895A,被引�?
CN110821560A,CN112650101A,被引�?
CN210798831U,CN114293909A,被引�?
CN114269056A,CN117412442A,被引�?
CN110142240A,CN112282787A,被引�?
CN208807066U,CN109005816A,被引�?
CN111635998A,CN112393586A,被引�?
CN111635998A,CN113405359A,被引�?
CN111635998A,CN113667837A,被引�?
CN210264517U,CN110331937A,被引�?
CN110430538A,CN112211653A,被引�?
CN209761442U,CN109723452A,被引�?
CN110145333A,CN110985073A,被引�?
CN110581731A,CN115278410A,被引�?
CN209908569U,CN109441549A,被引�?
CN111586944A,CN112272428A,被引�?
CN111586944A,CN112804798A,被引�?
CN111586944A,CN115100862A,被引�?
CN110841219A,CN113566903A,被引�?
CN110159313A,CN111456772A,被引�?
CN110159313A,CN111456753A,被引�?
CN110159313A,CN111456763A,被引�?
CN110159313A,CN111520163A,被引�?
CN110893272A,CN113339049A,被引�?
CN110893272A,CN114800560A,被引�?
CN207974858U,CN108331615A,被引�?
CN110670633A,CN116576792A,被引�?
CN111520192A,CN112145201A,被引�?
CN209198228U,CN109374432A,被引�?
CN208918552U,CN110656956A,被引�?
CN208359048U,CN108582445A,被引�?
CN208887688U,CN109696207A,被引�?
CN208621049U,CN108426562A,被引�?
CN208486891U,CN108868822A,被引�?
CN208486891U,CN110080807A,被引�?
CN111173551A,CN112494871A,被引�?
CN112231870A,CN114692352A,被引�?
CN112231870A,CN114861368A,被引�?
CN112231870A,CN115809502A,被引�?
CN109819087A,WO2020177700A1,被引�?
CN211201968U,CN110513116A,被引�?
CN111107675A,CN113013778A,被引�?
CN111107675A,CN113110257A,被引�?
CN111107675A,CN113329090A,被引�?
CN111107675A,CN113328525A,被引�?
CN111107675A,CN113408878A,被引�?
CN111107675A,CN113794949A,被引�?
CN111597621A,CN112231870A,被引�?
CN111597621A,CN114154382A,被引�?
CN210217766U,CN110242331A,被引�?
CN208010349U,CN108756892A,被引�?
CN210721073U,CN110568794A,被引�?
CN111860960A,CN112686407A,被引�?
CN109887286A,CN111781933A,被引�?
CN208120593U,CN108249315A,被引�?
CN111103011A,CN111769515A,被引�?
CN110889532A,CN116484716A,被引�?
CN208334080U,CN108593453A,被引�?
CN208682710U,CN108891336A,被引�?
CN208682710U,CN110847936A,被引�?
CN110991670A,CN114861378A,被引�?
CN110262930A,CN111526071A,被引�?
CN208502781U,CN108343445A,被引�?
CN110933824A,CN114245538A,被引�?
CN208884287U,CN108239899A,被引�?
CN208795275U,CN109000728A,被引�?
CN110376659A,CN113640896A,被引�?
CN112505470A,WO2022062622A1,被引�?
CN111537524A,CN112810638A,被引�?
CN111537524A,CN113188589A,被引�?
CN111537524A,CN114993199A,被引�?
CN207816533U,CN108279097A,被引�?
CN110164164A,CN115311867A,被引�?
CN210484017U,CN109958609A,被引�?
CN211784997U,CN110441222A,被引�?
CN112040598A,CN112883548A,被引�?
CN112040598A,CN115580956A,被引�?
CN110147417A,CN110778362A,被引�?
CN210636271U,CN110258260A,被引�?
CN110582032A,CN115278410A,被引�?
CN111462442A,CN113013778A,被引�?
CN110045016A,CN113669112A,被引�?
CN111601079A,CN112468591A,被引�?
CN208672015U,CN108303143A,被引�?
CN110346807A,CN113092494A,被引�?
CN110346807A,CN114166180A,被引�?
CN109915211A,CN110586537A,被引�?
CN210912457U,CN110155123A,被引�?
CN210438255U,CN110294394A,被引�?
CN112330938A,CN114822082A,被引�?
CN112363553A,CN114898569A,被引�?
CN113550691A,CN114293909A,被引�?
CN113550691A,CN116733441A,被引�?
CN209217569U,CN109713606A,被引�?
CN210269423U,CN110333136A,被引�?
CN211342952U,CN110761811A,被引�?
CN211368694U,CN110820738A,被引�?
CN210981177U,CN114353686A,被引�?
CN210981177U,CN114894109A,被引�?
CN110847936A,CN114670072A,被引�?
CN110939457A,CN112761668A,被引�?
CN110939457A,CN114718599A,被引�?
CN208476925U,CN108956946A,被引�?
CN111428895A,CN111985558A,被引�?
CN111880537A,CN112563962A,被引�?
CN110582031A,CN115278410A,被引�?
CN111927552A,CN115690354A,被引�?
CN208888176U,CN108956724A,被引�?
CN208669355U,CN112857255A,被引�?
CN207908108U,CN108318189A,被引�?
CN111963190A,CN111963189A,被引�?
CN110581735A,CN115278410A,被引�?
CN110331937A,WO2022262149A1,被引�?
CN110192916A,CN112075995A,被引�?
CN210321636U,CN110440711A,被引�?
CN110686616A,CN111751394A,被引�?
CN209010951U,CN109183601A,被引�?
CN208816189U,CN112012778A,被引�?
CN109766894A,WO2021135157A1,被引�?
CN208881788U,CN112927549A,被引�?
CN110167236A,CN110933824A,被引�?
CN110167236A,CN112883548A,被引�?
CN110167236A,CN113347769A,被引�?
CN110167236A,CN113630942A,被引�?
CN110167236A,CN114245544A,被引�?
CN110167236A,CN114245538A,被引�?
CN210278031U,CN112494871A,被引�?
CN210278031U,CN113491854A,被引�?
CN210278031U,CN113931679A,被引�?
CN210278031U,CN114111822A,被引�?
CN210278031U,CN114470555A,被引�?
CN210278031U,CN114832253A,被引�?
CN210278031U,CN115531768A,被引�?
CN207867734U,CN115880910A,被引�?
CN207675232U,CN110017171A,被引�?
CN207675232U,CN110513150A,被引�?
CN110647168A,CN113701820A,被引�?
CN112129346A,CN112722006A,被引�?
CN110242331A,CN111335916A,被引�?
CN110242331A,CN113266391A,被引�?
CN110847972A,CN116428011A,被引�?
CN210087337U,CN110145333A,被引�?
CN111272980A,CN114720641A,被引�?
CN110195592A,CN113282990A,被引�?
CN210891179U,CN113701082A,被引�?
CN111810241A,CN112857255A,被引�?
CN209247171U,CN109556735A,被引�?
CN111887908A,WO2022048553A1,被引�?
CN111887908A,WO2022048554A1,被引�?
CN109930992A,CN110331937A,被引�?
CN109930992A,WO2022262149A1,被引�?
CN109882217A,CN110700865A,被引�?
CN109882217A,CN110985019A,被引�?
CN111885772A,CN113260123A,被引�?
CN209683690U,CN109532893A,被引�?
CN210899299U,CN112324485A,被引�?
CN210899299U,CN112650101A,被引�?
CN111489010A,CN113269714A,被引�?
CN111489010A,CN113269713A,被引�?
CN111047873A,CN114049777A,被引�?
CN111168694A,CN112857255A,被引�?
CN111445165A,CN114006767A,被引�?
CN210622826U,CN113700505A,被引�?
CN110908299A,CN107507402A,被引�?
CN111650971A,CN112252087A,被引�?
CN208076661U,CN113110257A,被引�?
CN211783867U,CN113110257A,被引�?
CN112127934A,CN113431619A,被引�?
CN112127934A,CN114046174A,被引�?
CN209431102U,CN109519716A,被引�?
CN111456772A,CN113847052A,被引�?
CN111764276A,CN112238449A,被引�?
CN207908107U,CN108562402A,被引�?
CN109736849A,CN111520163A,被引�?
CN209586386U,CN109611120A,被引�?
CN209586386U,CN112010671A,被引�?
CN113112446A,CN115688251A,被引�?
CN113112447A,CN117077027A,被引�?
CN210936037U,CN110252699A,被引�?
CN111084213A,CN111869690A,被引�?
CN110586537A,CN112775074A,被引�?
CN208516519U,CN108861667A,被引�?
CN208330399U,CN108571328A,被引�?
CN112183993A,CN117077413A,被引�?
CN110130983A,CN116227007A,被引�?
CN111076061A,CN112539083A,被引�?
CN109450657A,CN109981373A,被引�?
CN111140244A,CN113685188A,被引�?
CN209323277U,CN109518550A,被引�?
CN110516730A,CN113685188A,被引�?
CN110516730A,CN113836999A,被引�?
CN209517558U,CN112969269A,被引�?
CN110568794A,CN112612222A,被引�?
CN210374575U,CN110425870A,被引�?
CN112494871A,CN113171568A,被引�?
CN112494871A,CN113491854A,被引�?
CN112494871A,CN113756856A,被引�?
CN112494871A,CN113931679A,被引�?
CN112494871A,CN114470555A,被引�?
CN113914407A,CN114997003A,被引�?
CN113420506A,CN117077413A,被引�?
CN212519051U,CN113065800A,被引�?
CN112761524A,CN117113614A,被引�?
CN112777534A,CN113276896A,被引�?
CN112943261A,CN113074695A,被引�?
CN114166180A,CN116358492A,被引�?
CN114087013A,CN117406608A,被引�?
CN212809452U,CN114333303A,被引�?
CN114022448A,CN114663840A,被引�?
CN114333303A,CN115826443A,被引�?
CN113055649A,CN115981219A,被引�?
CN112879025A,CN113847049A,被引�?
CN112253136A,CN114352300A,被引�?
CN112253136A,CN116975623A,被引�?
CN211648225U,CN111173551A,被引�?
CN213747823U,CN114440624A,被引�?
CN112347548A,CN113006873A,被引�?
CN112347548A,CN114241720A,被引�?
CN112761653A,CN113107505A,被引�?
CN113326661A,CN114439500A,被引�?
CN113554467A,CN114154382A,被引�?
CN113554467A,CN116796915A,被引�?
CN211477221U,CN113328525A,被引�?
CN113685188A,CN114439500A,被引�?
CN113872933A,WO2023020606A1,被引�?
CN113424055A,CN114486130A,被引�?
CN113424055A,CN115009310A,被引�?
CN113424055A,CN115616000A,被引�?
CN212137962U,CN113207213A,被引�?
CN113079614A,CN113840432A,被引�?
CN113137253A,CN113622928A,被引�?
CN213244111U,CN113504780A,被引�?
CN213244111U,CN115013650A,被引�?
CN213987249U,CN114995272A,被引�?
CN114046174A,CN117406608A,被引�?
CN112799365A,CN113794949A,被引�?
CN113050455A,CN116595813A,被引�?
CN114417697A,CN116562433A,被引�?
CN113240163A,CN114154382A,被引�?
CN214423221U,CN115497308A,被引�?
CN113107505A,CN114439492A,被引�?
CN112762997A,CN113958911A,被引�?
CN211928746U,CN114495493A,被引�?
CN113223327A,CN113923414A,被引�?
CN112906153A,CN115618222A,被引�?
CN112282850A,CN112882437A,被引�?
CN212750077U,CN115880910A,被引�?
CN112459788A,CN113700505A,被引�?
CN114283582A,CN115116218A,被引�?
CN113055658A,CN115981219A,被引�?
CN114115090A,CN115288798A,被引�?
CN112650101A,CN113701820A,被引�?
CN113431619A,CN114046174A,被引�?
CN113431619A,CN114738031A,被引�?
CN112904767A,CN113790079A,被引�?
CN112904767A,CN114046174A,被引�?
CN112614021A,CN115688251A,被引�?
CN112822827A,CN114103793A,被引�?
CN112968533A,CN114822082A,被引�?
CN113642946A,CN116503027A,被引�?
CN113250747A,CN114382536A,被引�?
CN113250747A,CN114404850A,被引�?
CN113092494A,CN113504780A,被引�?
CN113833512A,CN114870316A,被引�?
CN113833512A,CN115046678A,被引�?
CN112804799A,CN117412442A,被引�?
CN113872855A,CN115834534A,被引�?
CN113872855A,CN116366334A,被引�?
CN112863193A,CN113362650A,被引�?
CN113256082A,CN116012336A,被引�?
CN113298400A,CN115288798A,被引�?
CN113298400A,CN115826443A,被引�?
CN112581645A,CN113640291A,被引�?
CN213276291U,CN111752199A,被引�?
CN212716710U,CN113431619A,被引�?
CN112417573A,CN114969953A,被引�?
CN112417573A,CN115952590A,被引�?
CN214372615U,CN113958911A,被引�?
CN113446953A,CN114674238A,被引�?
CN213336218U,CN114418137A,被引�?
CN213336218U,CN114842624A,被引�?
CN112885100A,CN114898569A,被引�?
CN113362469A,CN115690354A,被引�?
CN212867644U,CN111784981A,被引�?
CN112784335A,CN114894109A,被引�?
CN211930916U,CN112968953A,被引�?
CN212201898U,CN113550691A,被引�?
CN113190495A,CN115834534A,被引�?
CN113190495A,CN116366334A,被引�?
CN112258049A,CN116152009A,被引�?
CN213276927U,CN113985193A,被引�?
CN114029957A,CN115178400A,被引�?
CN113504780A,CN114363812A,被引�?
CN113006873A,CN113837453A,被引�?
CN112883474A,CN114692352A,被引�?
CN113612820A,CN114584544A,被引�?
CN112647957A,CN113847049A,被引�?
CN113187517A,CN115726814A,被引�?
CN212337869U,CN111997984A,被引�?
CN213592863U,CN112238449A,被引�?
CN113905474A,CN114245544A,被引�?
CN113905474A,CN117082698A,被引�?
CN112990227A,CN116452511A,被引�?
CN112990227A,CN116502145A,被引�?
CN112488477A,CN113178082A,被引�?
CN112828856A,CN114474005A,被引�?
CN112828856A,CN114800560A,被引�?
CN112598755A,CN116484457A,被引�?
CN211791604U,CN113029390A,被引�?
CN113962475A,CN114252128A,被引�?
CN114019846A,CN114995272A,被引�?
CN113285864A,CN115834534A,被引�?
CN113285864A,CN116366334A,被引�?
CN112539068A,CN113818892A,被引�?
CN112814727A,CN114046174A,被引�?
CN112487695A,CN113240163A,被引�?
CN112487695A,CN114692352A,被引�?
CN112258094A,CN114943940A,被引�?
CN112927549A,CN114220264A,被引�?
CN113467315A,CN114969888A,被引�?
CN114140448A,CN116012336A,被引�?
CN114140448A,CN116452511A,被引�?
CN114140448A,CN116975623A,被引�?
CN116096305A,WO2022048554A1,被引�?
CN116096305A,CN111887908A,被引�?
CN217067483U,CN115531768A,被引�?
CN115062375A,CN115688251A,被引�?
CN115062375A,CN116502145A,被引�?
CN115062375A,CN117077027A,被引�?
CN114889663A,WO2023198134A1,被引�?
CN114889655A,WO2023198134A1,被引�?
CN114613172A,CN115472028A,被引�?
CN114282033A,CN116503027A,被引�?
CN114969888A,CN116976681A,被引�?
CN115688251A,CN115788591A,被引�?
CN115688251A,CN116975623A,被引�?
CN115529726A,WO2023221808A1,被引�?
CN115690354A,CN117152342A,被引�?
CN114757516A,CN115529193A,被引�?
CN217471340U,CN113197383A,被引�?
CN114972384A,CN116485225A,被引�?
CN115416037A,CN115837680A,被引�?
CN115009310A,CN115630492A,被引�?
CN214623936U,CN114333303A,被引�?
CN115062368A,CN115690354A,被引�?
CN115062368A,CN117152342A,被引�?
CN115690688A,CN117113614A,被引�?
CN114485570A,CN115798137A,被引�?
CN115828374A,CN116975623A,被引�?
CN114897804A,CN115630492A,被引�?
CN116132814A,CN116576792A,被引�?
CN114663415A,CN117291293A,被引�?
CN115529747A,WO2023221809A1,被引�?
CN216502000U,CN115070620A,被引�?
CN114969953A,CN115952590A,被引�?
CN214464266U,CN113339059A,被引�?
CN114630293A,CN115396912A,被引�?
CN115263364A,CN116163771A,被引�?
CN114872740A,WO2023198130A1,被引�?
CN114872748A,WO2023198130A1,被引�?
CN114872748A,WO2023198134A1,被引�?
CN114872748A,WO2023198132A1,被引�?
CN214475530U,CN115762184A,被引�?
CN216477476U,CN115826443A,被引�?
CN116575966A,CN117328922A,被引�?
CN215979396U,CN115726814A,被引�?
CN115375202A,CN115839692A,被引�?
CN214704392U,CN114842624A,被引�?
CN214704392U,CN114877934A,被引�?
CN214464318U,CN113931679A,被引�?
CN115357006A,CN116595813A,被引�?
CN115600124A,CN115892131A,被引�?
CN215820568U,WO2023029622A1,被引�?
CN115834534A,CN116366334A,被引�?
CN114872747A,CN114932921A,被引�?
CN114872747A,WO2023198134A1,被引�?
CN114876554A,CN117328922A,被引�?
CN114943481A,CN116357400A,被引�?
CN115733681A,CN116319105A,被引�?
CN114293589A,CN116201173A,被引�?
CN114565845A,CN115392796A,被引�?
CN114565845A,CN117351241A,被引�?
CN116108525A,CN116858098A,被引�?
CN114995272A,WO2023165633A1,被引�?
CN114932921A,WO2023198134A1,被引�?
WO2018132979A1,CN113818892A,被引�?
WO2021068846A1,CN115808131A,被引�?
WO2021068846A1,CN117468941A,被引�?
WO2023165633A1,CN114995272A,被引�?
WO2021068848A1,CN114019950A,被引�?
WO2021068848A1,CN114329307A,被引�?
WO2021068848A1,CN115630492A,被引�?
WO2021068848A1,CN115009310A,被引�?
WO2021068848A1,CN115616000A,被引�?
CN116366334A,CN115834534A,被引�?
WO2020047879A1,CN111897338A,被引�?
CN116277114A,CN117300597A,被引�?
WO2021208515A1,CN112348014A,被引�?
WO2022048553A1,WO2022048554A1,被引�?
WO2022048553A1,CN111887908A,被引�?
WO2020199290A1,CN113269713A,被引�?
WO2020199290A1,CN114135279A,被引�?
WO2020010787A1,CN110395284A,被引�?
WO2023198130A1,CN114872740A,被引�?
WO2014075389A1,WO2023164786A1,被引�?
